Redskap,Traktor,Fyrhjuling,Handverktyg,Elverktyg,Övrigt
Inget Verktyg Valt
Övrigt - Bil,,,,,
Elverktyg - Övrigt,,,,,
Handverktyg - Övrigt,,,,,
Fyrhjuling - Utan Redskap,,,,,
Fyrhjuling - Dumpersvagn,,,,,
Fyrhjuling - Timmervagn,,,,,
Fyrhjuling - Snöblad,,,,,
Fyrhjuling - Lövsug,,,,,
Fyrhjuling - Annat Redskap,,,,,
Traktor - Utan Redskap,,,,,
Traktor - Dumpersvagn,,,,,
Traktor - Gafflar,,,,,
Traktor - Griplastarvagn,,,,,
Traktor - Sandspridare,,,,,
Traktor - Schaktblad,,,,,
Traktor - Snöblad,,,,,
Traktor - Släntklippare,,,,,
Traktor - Skopa,,,,,
Traktor - Krokodilgrip,,,,,
Traktor - Annat Redskap,,,,,
Övrigt - Gräsklippare,,,,,
Övrigt - Åkgräsklippare,,,,,
Övrigt - Jordfräs,,,,,
